Topics,Coherence
2,0.2943943835596742
3,0.35828893276596113
4,0.33319533610855545
5,0.3420865324148118
6,0.3371097715945901
7,0.38857695347948645
8,0.3686381332871279
9,0.3763354135048499
10,0.37787075716388513
